country,date,inflation
AT,freq,M
BE,freq,M
DE,freq,M
ES,freq,M
FR,freq,M
IT,freq,M
NL,freq,M
PT,freq,M
AT,unit,RCH_A
BE,unit,RCH_A
DE,unit,RCH_A
ES,unit,RCH_A
FR,unit,RCH_A
IT,unit,RCH_A
NL,unit,RCH_A
PT,unit,RCH_A
AT,coicop,CP00
BE,coicop,CP00
DE,coicop,CP00
ES,coicop,CP00
FR,coicop,CP00
IT,coicop,CP00
NL,coicop,CP00
PT,coicop,CP00
AT,1997-01,1.2
BE,1997-01,2.1
DE,1997-01,1.9
ES,1997-01,2.8
FR,1997-01,1.8
IT,1997-01,2.7
NL,1997-01,1.7
PT,1997-01,2.8
AT,1997-02,1.4
BE,1997-02,1.9
DE,1997-02,1.6
ES,1997-02,2.5
FR,1997-02,1.7
IT,1997-02,2.4
NL,1997-02,1.4
PT,1997-02,2.4
AT,1997-03,1.2
BE,1997-03,1.3
DE,1997-03,1.3
ES,1997-03,2.2
FR,1997-03,1.1
IT,1997-03,2.2
NL,1997-03,1.2
PT,1997-03,2.3
AT,1997-04,1.2
BE,1997-04,1.1
DE,1997-04,1.2
ES,1997-04,1.6
FR,1997-04,1.0
IT,1997-04,1.9
NL,1997-04,1.0
PT,1997-04,1.6
AT,1997-05,1.3
BE,1997-05,1.4
DE,1997-05,1.5
ES,1997-05,1.3
FR,1997-05,0.9
IT,1997-05,1.9
NL,1997-05,1.6
PT,1997-05,1.9
AT,1997-06,1.0
BE,1997-06,1.6
DE,1997-06,1.5
ES,1997-06,1.4
FR,1997-06,1.0
IT,1997-06,1.6
NL,1997-06,1.5
PT,1997-06,1.6
AT,1997-07,0.9
BE,1997-07,1.9
DE,1997-07,1.6
ES,1997-07,1.5
FR,1997-07,1.1
IT,1997-07,1.7
NL,1997-07,1.9
PT,1997-07,1.4
AT,1997-08,1.3
BE,1997-08,1.7
DE,1997-08,1.7
ES,1997-08,1.7
FR,1997-08,1.6
IT,1997-08,1.6
NL,1997-08,2.5
PT,1997-08,1.6
AT,1997-09,1.2
BE,1997-09,1.6
DE,1997-09,1.4
ES,1997-09,1.9
FR,1997-09,1.4
IT,1997-09,1.6
NL,1997-09,2.5
PT,1997-09,1.5
AT,1997-10,1.1
BE,1997-10,1.2
DE,1997-10,1.5
ES,1997-10,1.8
FR,1997-10,1.1
IT,1997-10,1.9
NL,1997-10,2.3
PT,1997-10,1.6
AT,1997-11,1.1
BE,1997-11,1.3
DE,1997-11,1.6
ES,1997-11,1.9
FR,1997-11,1.4
IT,1997-11,1.7
NL,1997-11,2.5
PT,1997-11,1.9
AT,1997-12,1.0
BE,1997-12,0.9
DE,1997-12,1.4
ES,1997-12,1.9
FR,1997-12,1.2
IT,1997-12,1.7
NL,1997-12,2.2
PT,1997-12,2.1
AT,1998-01,1.2
BE,1998-01,0.5
DE,1998-01,0.7
ES,1998-01,1.9
FR,1998-01,0.6
IT,1998-01,1.9
NL,1998-01,1.6
PT,1998-01,1.6
AT,1998-02,1.0
BE,1998-02,0.8
DE,1998-02,0.5
ES,1998-02,1.7
FR,1998-02,0.7
IT,1998-02,2.0
NL,1998-02,2.1
PT,1998-02,1.3
AT,1998-03,1.0
BE,1998-03,1.0
DE,1998-03,0.5
ES,1998-03,1.7
FR,1998-03,0.8
IT,1998-03,2.0
NL,1998-03,2.2
PT,1998-03,1.5
AT,1998-04,1.2
BE,1998-04,1.3
DE,1998-04,0.9
ES,1998-04,1.9
FR,1998-04,1.0
IT,1998-04,2.2
NL,1998-04,2.5
PT,1998-04,2.2
AT,1998-05,1.0
BE,1998-05,1.3
DE,1998-05,0.9
ES,1998-05,2.0
FR,1998-05,0.9
IT,1998-05,1.9
NL,1998-05,2.1
PT,1998-05,2.2
AT,1998-06,0.8
BE,1998-06,1.2
DE,1998-06,0.8
ES,1998-06,2.0
FR,1998-06,1.1
IT,1998-06,2.0
NL,1998-06,2.2
PT,1998-06,2.7
AT,1998-07,0.8
BE,1998-07,1.2
DE,1998-07,0.8
ES,1998-07,2.3
FR,1998-07,0.8
IT,1998-07,2.0
NL,1998-07,1.8
PT,1998-07,2.8
AT,1998-08,0.7
BE,1998-08,1.0
DE,1998-08,0.6
ES,1998-08,2.1
FR,1998-08,0.7
IT,1998-08,2.1
NL,1998-08,1.4
PT,1998-08,2.2
AT,1998-09,0.6
BE,1998-09,0.8
DE,1998-09,0.5
ES,1998-09,1.5
FR,1998-09,0.5
IT,1998-09,2.1
NL,1998-09,1.3
PT,1998-09,2.2
AT,1998-10,0.7
BE,1998-10,0.7
DE,1998-10,0.4
ES,1998-10,1.5
FR,1998-10,0.5
IT,1998-10,1.9
NL,1998-10,1.5
PT,1998-10,2.5
AT,1998-11,0.5
BE,1998-11,0.6
DE,1998-11,0.4
ES,1998-11,1.4
FR,1998-11,0.2
IT,1998-11,1.7
NL,1998-11,1.5
PT,1998-11,2.6
AT,1998-12,0.5
BE,1998-12,0.7
DE,1998-12,0.1
ES,1998-12,1.3
FR,1998-12,0.3
IT,1998-12,1.6
NL,1998-12,1.5
PT,1998-12,2.8
AT,1999-01,0.3
BE,1999-01,1.0
DE,1999-01,0.3
ES,1999-01,1.4
FR,1999-01,0.3
IT,1999-01,1.4
NL,1999-01,2.1
PT,1999-01,2.5
AT,1999-02,0.2
BE,1999-02,1.0
DE,1999-02,0.1
ES,1999-02,1.8
FR,1999-02,0.3
IT,1999-02,1.4
NL,1999-02,2.0
PT,1999-02,2.7
AT,1999-03,0.2
BE,1999-03,1.3
DE,1999-03,0.5
ES,1999-03,2.1
FR,1999-03,0.4
IT,1999-03,1.4
NL,1999-03,2.0
PT,1999-03,2.8
AT,1999-04,0.1
BE,1999-04,1.1
DE,1999-04,0.8
ES,1999-04,2.3
FR,1999-04,0.5
IT,1999-04,1.3
NL,1999-04,1.9
PT,1999-04,2.7
AT,1999-05,0.4
BE,1999-05,0.8
DE,1999-05,0.4
ES,1999-05,2.1
FR,1999-05,0.4
IT,1999-05,1.5
NL,1999-05,2.1
PT,1999-05,2.1
AT,1999-06,0.2
BE,1999-06,0.7
DE,1999-06,0.4
ES,1999-06,2.1
FR,1999-06,0.3
IT,1999-06,1.4
NL,1999-06,2.1
PT,1999-06,2.1
AT,1999-07,0.3
BE,1999-07,0.7
DE,1999-07,0.5
ES,1999-07,2.1
FR,1999-07,0.4
IT,1999-07,1.7
NL,1999-07,1.8
PT,1999-07,1.9
AT,1999-08,0.5
BE,1999-08,0.9
DE,1999-08,0.6
ES,1999-08,2.3
FR,1999-08,0.5
IT,1999-08,1.5
NL,1999-08,2.5
PT,1999-08,1.8
AT,1999-09,0.6
BE,1999-09,1.3
DE,1999-09,0.8
ES,1999-09,2.5
FR,1999-09,0.6
IT,1999-09,1.8
NL,1999-09,2.0
PT,1999-09,1.9
AT,1999-10,0.8
BE,1999-10,1.4
DE,1999-10,0.9
ES,1999-10,2.4
FR,1999-10,0.8
IT,1999-10,2.0
NL,1999-10,1.8
PT,1999-10,1.8
AT,1999-11,1.0
BE,1999-11,1.6
DE,1999-11,1.0
ES,1999-11,2.7
FR,1999-11,0.9
IT,1999-11,2.0
NL,1999-11,2.0
PT,1999-11,1.9
AT,1999-12,1.7
BE,1999-12,2.1
DE,1999-12,1.4
ES,1999-12,2.8
FR,1999-12,1.3
IT,1999-12,2.2
NL,1999-12,1.9
PT,1999-12,1.7
AT,2000-01,1.4
BE,2000-01,0.3
DE,2000-01,1.7
ES,2000-01,2.9
FR,2000-01,1.7
IT,2000-01,2.2
NL,2000-01,1.6
PT,2000-01,1.9
AT,2000-02,1.9
BE,2000-02,2.1
DE,2000-02,1.7
ES,2000-02,3.0
FR,2000-02,1.4
IT,2000-02,2.4
NL,2000-02,1.5
PT,2000-02,1.6
AT,2000-03,1.9
BE,2000-03,2.5
DE,2000-03,1.4
ES,2000-03,3.0
FR,2000-03,1.6
IT,2000-03,2.5
NL,2000-03,1.6
PT,2000-03,1.4
AT,2000-04,1.8
BE,2000-04,2.3
DE,2000-04,1.0
ES,2000-04,3.0
FR,2000-04,1.3
IT,2000-04,2.4
NL,2000-04,1.7
PT,2000-04,1.9
AT,2000-05,1.6
BE,2000-05,2.4
DE,2000-05,0.8
ES,2000-05,3.2
FR,2000-05,1.5
IT,2000-05,2.5
NL,2000-05,2.0
PT,2000-05,2.4
AT,2000-06,2.4
BE,2000-06,3.0
DE,2000-06,1.4
ES,2000-06,3.5
FR,2000-06,1.8
IT,2000-06,2.8
NL,2000-06,2.5
PT,2000-06,2.8
AT,2000-07,1.9
BE,2000-07,1.7
DE,2000-07,1.3
ES,2000-07,3.7
FR,2000-07,1.9
IT,2000-07,2.8
NL,2000-07,2.8
PT,2000-07,3.3
AT,2000-08,1.9
BE,2000-08,3.5
DE,2000-08,1.0
ES,2000-08,3.6
FR,2000-08,2.0
IT,2000-08,2.8
NL,2000-08,2.5
PT,2000-08,3.6
AT,2000-09,2.3
BE,2000-09,4.0
DE,2000-09,1.5
ES,2000-09,3.7
FR,2000-09,2.3
IT,2000-09,2.8
NL,2000-09,2.9
PT,2000-09,3.6
AT,2000-10,2.2
BE,2000-10,3.7
DE,2000-10,1.5
ES,2000-10,4.0
FR,2000-10,2.1
IT,2000-10,2.7
NL,2000-10,3.2
PT,2000-10,3.7
AT,2000-11,2.3
BE,2000-11,3.7
DE,2000-11,1.4
ES,2000-11,4.1
FR,2000-11,2.3
IT,2000-11,2.9
NL,2000-11,2.9
PT,2000-11,3.6
AT,2000-12,1.8
BE,2000-12,3.0
DE,2000-12,2.2
ES,2000-12,4.0
FR,2000-12,1.8
IT,2000-12,2.7
NL,2000-12,2.9
PT,2000-12,3.8
AT,2001-01,2.3
BE,2001-01,2.7
DE,2001-01,1.3
ES,2001-01,2.9
FR,2001-01,1.3
IT,2001-01,2.5
NL,2001-01,4.6
PT,2001-01,4.4
AT,2001-02,1.8
BE,2001-02,2.5
DE,2001-02,1.8
ES,2001-02,2.7
FR,2001-02,1.5
IT,2001-02,1.5
NL,2001-02,5.0
PT,2001-02,4.8
AT,2001-03,1.9
BE,2001-03,2.2
DE,2001-03,1.8
ES,2001-03,3.0
FR,2001-03,1.5
IT,2001-03,2.2
NL,2001-03,5.0
PT,2001-03,5.1
AT,2001-04,2.6
BE,2001-04,2.9
DE,2001-04,2.2
ES,2001-04,3.6
FR,2001-04,2.0
IT,2001-04,3.0
NL,2001-04,5.4
PT,2001-04,4.6
AT,2001-05,2.9
BE,2001-05,3.2
DE,2001-05,2.9
ES,2001-05,3.8
FR,2001-05,2.4
IT,2001-05,2.8
NL,2001-05,5.5
PT,2001-05,4.9
AT,2001-06,2.6
BE,2001-06,3.0
DE,2001-06,2.4
ES,2001-06,3.7
FR,2001-06,2.2
IT,2001-06,2.8
NL,2001-06,5.1
PT,2001-06,4.6
AT,2001-07,2.8
BE,2001-07,2.7
DE,2001-07,2.1
ES,2001-07,2.4
FR,2001-07,2.2
IT,2001-07,2.3
NL,2001-07,5.3
PT,2001-07,4.3
AT,2001-08,2.4
BE,2001-08,2.5
DE,2001-08,2.2
ES,2001-08,2.1
FR,2001-08,2.0
IT,2001-08,2.0
NL,2001-08,5.2
PT,2001-08,4.0
AT,2001-09,2.4
BE,2001-09,1.9
DE,2001-09,1.8
ES,2001-09,2.3
FR,2001-09,1.6
IT,2001-09,2.0
NL,2001-09,5.3
PT,2001-09,4.1
AT,2001-10,2.3
BE,2001-10,2.0
DE,2001-10,1.6
ES,2001-10,2.5
FR,2001-10,1.8
IT,2001-10,2.3
NL,2001-10,5.0
PT,2001-10,4.2
AT,2001-11,1.9
BE,2001-11,1.8
DE,2001-11,1.4
ES,2001-11,2.5
FR,2001-11,1.3
IT,2001-11,2.3
NL,2001-11,4.8
PT,2001-11,4.1
AT,2001-12,1.8
BE,2001-12,1.9
DE,2001-12,1.4
ES,2001-12,2.5
FR,2001-12,1.5
IT,2001-12,2.3
NL,2001-12,5.1
PT,2001-12,3.9
AT,2002-01,1.9
BE,2002-01,2.6
DE,2002-01,2.0
ES,2002-01,3.1
FR,2002-01,2.4
IT,2002-01,2.3
NL,2002-01,4.9
PT,2002-01,3.7
AT,2002-02,1.7
BE,2002-02,2.5
DE,2002-02,1.8
ES,2002-02,3.2
FR,2002-02,2.2
IT,2002-02,2.5
NL,2002-02,4.5
PT,2002-02,3.3
AT,2002-03,1.7
BE,2002-03,2.5
DE,2002-03,1.9
ES,2002-03,3.2
FR,2002-03,2.2
IT,2002-03,2.5
NL,2002-03,4.4
PT,2002-03,3.4
AT,2002-04,1.7
BE,2002-04,1.7
DE,2002-04,1.5
ES,2002-04,3.7
FR,2002-04,2.1
IT,2002-04,2.5
NL,2002-04,4.2
PT,2002-04,3.6
AT,2002-05,1.6
BE,2002-05,1.3
DE,2002-05,1.1
ES,2002-05,3.7
FR,2002-05,1.6
IT,2002-05,2.5
NL,2002-05,3.8
PT,2002-05,3.4
AT,2002-06,1.5
BE,2002-06,0.8
DE,2002-06,0.9
ES,2002-06,3.4
FR,2002-06,1.4
IT,2002-06,2.4
NL,2002-06,3.8
PT,2002-06,3.5
AT,2002-07,1.5
BE,2002-07,1.2
DE,2002-07,1.1
ES,2002-07,3.5
FR,2002-07,1.6
IT,2002-07,2.5
NL,2002-07,3.7
PT,2002-07,3.5
AT,2002-08,2.0
BE,2002-08,1.2
DE,2002-08,1.1
ES,2002-08,3.7
FR,2002-08,1.8
IT,2002-08,2.5
NL,2002-08,3.7
PT,2002-08,3.9
AT,2002-09,1.6
BE,2002-09,1.2
DE,2002-09,1.1
ES,2002-09,3.5
FR,2002-09,1.8
IT,2002-09,2.9
NL,2002-09,3.6
PT,2002-09,3.9
AT,2002-10,1.6
BE,2002-10,1.2
DE,2002-10,1.2
ES,2002-10,4.0
FR,2002-10,1.9
IT,2002-10,2.9
NL,2002-10,3.4
PT,2002-10,4.1
AT,2002-11,1.7
BE,2002-11,1.1
DE,2002-11,1.1
ES,2002-11,3.9
FR,2002-11,2.1
IT,2002-11,2.9
NL,2002-11,3.3
PT,2002-11,4.1
AT,2002-12,1.7
BE,2002-12,1.3
DE,2002-12,1.1
ES,2002-12,4.0
FR,2002-12,2.2
IT,2002-12,3.0
NL,2002-12,3.2
PT,2002-12,4.0
AT,2003-01,1.7
BE,2003-01,1.2
DE,2003-01,1.1
ES,2003-01,3.8
FR,2003-01,1.9
IT,2003-01,2.9
NL,2003-01,2.7
PT,2003-01,4.0
AT,2003-02,1.7
BE,2003-02,1.7
DE,2003-02,1.2
ES,2003-02,3.9
FR,2003-02,2.6
IT,2003-02,2.6
NL,2003-02,2.9
PT,2003-02,4.1
AT,2003-03,1.8
BE,2003-03,1.7
DE,2003-03,1.2
ES,2003-03,3.7
FR,2003-03,2.5
IT,2003-03,3.0
NL,2003-03,2.7
PT,2003-03,3.7
AT,2003-04,1.3
BE,2003-04,1.5
DE,2003-04,1.0
ES,2003-04,3.2
FR,2003-04,2.0
IT,2003-04,3.0
NL,2003-04,2.2
PT,2003-04,3.7
AT,2003-05,1.0
BE,2003-05,0.9
DE,2003-05,0.6
ES,2003-05,2.7
FR,2003-05,1.8
IT,2003-05,2.8
NL,2003-05,2.2
PT,2003-05,3.6
AT,2003-06,1.0
BE,2003-06,1.5
DE,2003-06,1.0
ES,2003-06,2.8
FR,2003-06,2.0
IT,2003-06,2.8
NL,2003-06,2.1
PT,2003-06,3.3
AT,2003-07,1.0
BE,2003-07,1.4
DE,2003-07,0.9
ES,2003-07,2.9
FR,2003-07,2.0
IT,2003-07,2.8
NL,2003-07,2.1
PT,2003-07,2.9
AT,2003-08,1.0
BE,2003-08,1.7
DE,2003-08,1.1
ES,2003-08,3.1
FR,2003-08,2.0
IT,2003-08,2.8
NL,2003-08,2.2
PT,2003-08,2.9
AT,2003-09,1.3
BE,2003-09,1.7
DE,2003-09,1.1
ES,2003-09,3.0
FR,2003-09,2.2
IT,2003-09,2.9
NL,2003-09,2.0
PT,2003-09,3.1
AT,2003-10,1.1
BE,2003-10,1.5
DE,2003-10,1.2
ES,2003-10,2.7
FR,2003-10,2.3
IT,2003-10,2.8
NL,2003-10,1.9
PT,2003-10,2.8
AT,2003-11,1.3
BE,2003-11,1.8
DE,2003-11,1.4
ES,2003-11,2.9
FR,2003-11,2.5
IT,2003-11,2.8
NL,2003-11,2.0
PT,2003-11,2.3
AT,2003-12,1.3
BE,2003-12,1.6
DE,2003-12,1.1
ES,2003-12,2.7
FR,2003-12,2.4
IT,2003-12,2.5
NL,2003-12,1.6
PT,2003-12,2.3
AT,2004-01,1.2
BE,2004-01,1.4
DE,2004-01,1.1
ES,2004-01,2.3
FR,2004-01,2.2
IT,2004-01,2.2
NL,2004-01,1.5
PT,2004-01,2.2
AT,2004-02,1.5
BE,2004-02,1.1
DE,2004-02,0.8
ES,2004-02,2.2
FR,2004-02,1.9
IT,2004-02,2.4
NL,2004-02,1.4
PT,2004-02,2.1
AT,2004-03,1.6
BE,2004-03,0.9
DE,2004-03,1.1
ES,2004-03,2.2
FR,2004-03,1.9
IT,2004-03,2.3
NL,2004-03,1.3
PT,2004-03,2.3
AT,2004-04,1.6
BE,2004-04,1.7
DE,2004-04,1.7
ES,2004-04,2.7
FR,2004-04,2.4
IT,2004-04,2.4
NL,2004-04,1.5
PT,2004-04,2.4
AT,2004-05,2.1
BE,2004-05,2.4
DE,2004-05,2.2
ES,2004-05,3.4
FR,2004-05,2.8
IT,2004-05,2.4
NL,2004-05,1.7
PT,2004-05,2.5
AT,2004-06,2.3
BE,2004-06,2.0
DE,2004-06,1.9
ES,2004-06,3.5
FR,2004-06,2.7
IT,2004-06,2.4
NL,2004-06,1.5
PT,2004-06,3.6
AT,2004-07,2.1
BE,2004-07,2.0
DE,2004-07,1.9
ES,2004-07,3.3
FR,2004-07,2.6
IT,2004-07,2.2
NL,2004-07,1.2
PT,2004-07,3.0
AT,2004-08,2.2
BE,2004-08,2.0
DE,2004-08,2.2
ES,2004-08,3.3
FR,2004-08,2.6
IT,2004-08,2.4
NL,2004-08,1.2
PT,2004-08,2.4
AT,2004-09,1.8
BE,2004-09,1.8
DE,2004-09,1.9
ES,2004-09,3.2
FR,2004-09,2.2
IT,2004-09,2.1
NL,2004-09,1.2
PT,2004-09,2.1
AT,2004-10,2.3
BE,2004-10,2.6
DE,2004-10,2.2
ES,2004-10,3.6
FR,2004-10,2.3
IT,2004-10,2.1
NL,2004-10,1.5
PT,2004-10,2.3
AT,2004-11,2.3
BE,2004-11,2.3
DE,2004-11,1.9
ES,2004-11,3.5
FR,2004-11,2.2
IT,2004-11,2.0
NL,2004-11,1.5
PT,2004-11,2.6
AT,2004-12,2.5
BE,2004-12,2.0
DE,2004-12,2.3
ES,2004-12,3.3
FR,2004-12,2.2
IT,2004-12,2.3
NL,2004-12,1.3
PT,2004-12,2.6
AT,2005-01,2.4
BE,2005-01,2.0
DE,2005-01,1.7
ES,2005-01,3.1
FR,2005-01,1.6
IT,2005-01,2.0
NL,2005-01,1.3
PT,2005-01,2.0
AT,2005-02,2.3
BE,2005-02,2.3
DE,2005-02,1.8
ES,2005-02,3.3
FR,2005-02,1.9
IT,2005-02,2.1
NL,2005-02,1.5
PT,2005-02,2.1
AT,2005-03,2.4
BE,2005-03,2.8
DE,2005-03,1.8
ES,2005-03,3.4
FR,2005-03,2.1
IT,2005-03,2.2
NL,2005-03,1.5
PT,2005-03,2.2
AT,2005-04,2.3
BE,2005-04,2.5
DE,2005-04,1.4
ES,2005-04,3.5
FR,2005-04,2.0
IT,2005-04,2.1
NL,2005-04,1.3
PT,2005-04,2.0
AT,2005-05,1.9
BE,2005-05,2.3
DE,2005-05,1.5
ES,2005-05,3.1
FR,2005-05,1.7
IT,2005-05,2.3
NL,2005-05,1.0
PT,2005-05,1.7
AT,2005-06,2.0
BE,2005-06,2.7
DE,2005-06,1.7
ES,2005-06,3.2
FR,2005-06,1.8
IT,2005-06,2.2
NL,2005-06,1.4
PT,2005-06,0.7
AT,2005-07,2.1
BE,2005-07,2.7
DE,2005-07,1.9
ES,2005-07,3.3
FR,2005-07,1.8
IT,2005-07,2.2
NL,2005-07,1.5
PT,2005-07,1.9
AT,2005-08,1.9
BE,2005-08,2.9
DE,2005-08,1.9
ES,2005-08,3.3
FR,2005-08,2.0
IT,2005-08,2.2
NL,2005-08,1.7
PT,2005-08,2.5
AT,2005-09,2.5
BE,2005-09,2.9
DE,2005-09,2.6
ES,2005-09,3.8
FR,2005-09,2.3
IT,2005-09,2.2
NL,2005-09,1.7
PT,2005-09,2.7
AT,2005-10,2.1
BE,2005-10,2.3
DE,2005-10,2.4
ES,2005-10,3.5
FR,2005-10,2.0
IT,2005-10,2.5
NL,2005-10,1.5
PT,2005-10,2.6
AT,2005-11,1.7
BE,2005-11,2.4
DE,2005-11,2.3
ES,2005-11,3.4
FR,2005-11,1.8
IT,2005-11,2.4
NL,2005-11,1.6
PT,2005-11,2.5
AT,2005-12,1.5
BE,2005-12,2.8
DE,2005-12,2.1
ES,2005-12,3.7
FR,2005-12,1.8
IT,2005-12,2.0
NL,2005-12,2.0
PT,2005-12,2.5
AT,2006-01,1.5
BE,2006-01,2.7
DE,2006-01,2.1
ES,2006-01,4.2
FR,2006-01,2.2
IT,2006-01,2.2
NL,2006-01,1.7
PT,2006-01,2.7
AT,2006-02,1.5
BE,2006-02,2.9
DE,2006-02,2.1
ES,2006-02,4.1
FR,2006-02,2.0
IT,2006-02,2.2
NL,2006-02,1.5
PT,2006-02,3.0
AT,2006-03,1.3
BE,2006-03,2.1
DE,2006-03,1.9
ES,2006-03,3.9
FR,2006-03,1.7
IT,2006-03,2.2
NL,2006-03,1.4
PT,2006-03,3.8
AT,2006-04,2.1
BE,2006-04,2.5
DE,2006-04,2.2
ES,2006-04,3.9
FR,2006-04,2.0
IT,2006-04,2.4
NL,2006-04,1.8
PT,2006-04,3.7
AT,2006-05,2.1
BE,2006-05,2.8
DE,2006-05,2.1
ES,2006-05,4.1
FR,2006-05,2.3
IT,2006-05,2.3
NL,2006-05,1.8
PT,2006-05,3.6
AT,2006-06,1.9
BE,2006-06,2.5
DE,2006-06,2.1
ES,2006-06,4.0
FR,2006-06,2.2
IT,2006-06,2.4
NL,2006-06,1.8
PT,2006-06,3.5
AT,2006-07,1.9
BE,2006-07,2.4
DE,2006-07,2.1
ES,2006-07,4.0
FR,2006-07,2.2
IT,2006-07,2.4
NL,2006-07,1.8
PT,2006-07,3.0
AT,2006-08,2.1
BE,2006-08,2.3
DE,2006-08,1.7
ES,2006-08,3.8
FR,2006-08,2.1
IT,2006-08,2.3
NL,2006-08,1.9
PT,2006-08,2.7
AT,2006-09,1.4
BE,2006-09,1.9
DE,2006-09,0.9
ES,2006-09,2.9
FR,2006-09,1.5
IT,2006-09,2.5
NL,2006-09,1.5
PT,2006-09,3.0
AT,2006-10,1.2
BE,2006-10,1.7
DE,2006-10,1.0
ES,2006-10,2.6
FR,2006-10,1.2
IT,2006-10,1.9
NL,2006-10,1.4
PT,2006-10,2.6
AT,2006-11,1.5
BE,2006-11,2.0
DE,2006-11,1.5
ES,2006-11,2.7
FR,2006-11,1.6
IT,2006-11,2.0
NL,2006-11,1.6
PT,2006-11,2.4
AT,2006-12,1.6
BE,2006-12,2.1
DE,2006-12,1.4
ES,2006-12,2.7
FR,2006-12,1.7
IT,2006-12,2.1
NL,2006-12,1.7
PT,2006-12,2.5
AT,2007-01,1.7
BE,2007-01,1.7
DE,2007-01,1.7
ES,2007-01,2.4
FR,2007-01,1.4
IT,2007-01,1.9
NL,2007-01,1.2
PT,2007-01,2.6
AT,2007-02,1.7
BE,2007-02,1.8
DE,2007-02,1.9
ES,2007-02,2.4
FR,2007-02,1.2
IT,2007-02,2.1
NL,2007-02,1.4
PT,2007-02,2.3
AT,2007-03,1.9
BE,2007-03,1.8
DE,2007-03,2.0
ES,2007-03,2.5
FR,2007-03,1.2
IT,2007-03,2.0
NL,2007-03,1.9
PT,2007-03,2.4
AT,2007-04,1.8
BE,2007-04,1.8
DE,2007-04,2.1
ES,2007-04,2.5
FR,2007-04,1.3
IT,2007-04,1.8
NL,2007-04,1.9
PT,2007-04,2.8
AT,2007-05,1.9
BE,2007-05,1.3
DE,2007-05,2.0
ES,2007-05,2.4
FR,2007-05,1.2
IT,2007-05,1.9
NL,2007-05,2.0
PT,2007-05,2.4
AT,2007-06,1.9
BE,2007-06,1.3
DE,2007-06,2.0
ES,2007-06,2.4
FR,2007-06,1.3
IT,2007-06,2.0
NL,2007-06,1.8
PT,2007-06,2.4
AT,2007-07,2.0
BE,2007-07,1.3
DE,2007-07,2.1
ES,2007-07,2.3
FR,2007-07,1.2
IT,2007-07,1.6
NL,2007-07,1.4
PT,2007-07,2.3
AT,2007-08,1.7
BE,2007-08,1.1
DE,2007-08,1.9
ES,2007-08,2.2
FR,2007-08,1.3
IT,2007-08,1.6
NL,2007-08,1.1
PT,2007-08,1.9
AT,2007-09,2.1
BE,2007-09,1.4
DE,2007-09,2.6
ES,2007-09,2.7
FR,2007-09,1.6
IT,2007-09,1.7
NL,2007-09,1.3
PT,2007-09,2.0
AT,2007-10,2.9
BE,2007-10,2.2
DE,2007-10,2.6
ES,2007-10,3.6
FR,2007-10,2.1
IT,2007-10,2.3
NL,2007-10,1.6
PT,2007-10,2.5
AT,2007-11,3.2
BE,2007-11,2.9
DE,2007-11,3.3
ES,2007-11,4.1
FR,2007-11,2.6
IT,2007-11,2.5
NL,2007-11,1.8
PT,2007-11,2.8
AT,2007-12,3.5
BE,2007-12,3.1
DE,2007-12,3.1
ES,2007-12,4.3
FR,2007-12,2.8
IT,2007-12,2.8
NL,2007-12,1.6
PT,2007-12,2.7
AT,2008-01,3.1
BE,2008-01,3.5
DE,2008-01,3.0
ES,2008-01,4.4
FR,2008-01,3.2
IT,2008-01,3.2
NL,2008-01,1.8
PT,2008-01,2.9
AT,2008-02,3.1
BE,2008-02,3.6
DE,2008-02,3.0
ES,2008-02,4.5
FR,2008-02,3.2
IT,2008-02,3.0
NL,2008-02,2.0
PT,2008-02,2.9
AT,2008-03,3.5
BE,2008-03,4.4
DE,2008-03,3.3
ES,2008-03,4.6
FR,2008-03,3.5
IT,2008-03,3.6
NL,2008-03,1.9
PT,2008-03,3.2
AT,2008-04,3.4
BE,2008-04,4.1
DE,2008-04,2.6
ES,2008-04,4.2
FR,2008-04,3.4
IT,2008-04,3.4
NL,2008-04,1.7
PT,2008-04,2.5
AT,2008-05,3.8
BE,2008-05,5.1
DE,2008-05,3.2
ES,2008-05,4.7
FR,2008-05,3.7
IT,2008-05,3.8
NL,2008-05,2.1
PT,2008-05,2.8
AT,2008-06,4.0
BE,2008-06,5.8
DE,2008-06,3.4
ES,2008-06,5.1
FR,2008-06,4.0
IT,2008-06,4.0
NL,2008-06,2.3
PT,2008-06,3.4
AT,2008-07,3.8
BE,2008-07,5.9
DE,2008-07,3.4
ES,2008-07,5.3
FR,2008-07,4.0
IT,2008-07,4.0
NL,2008-07,3.0
PT,2008-07,3.1
AT,2008-08,3.6
BE,2008-08,5.4
DE,2008-08,3.3
ES,2008-08,4.9
FR,2008-08,3.5
IT,2008-08,4.3
NL,2008-08,3.0
PT,2008-08,3.1
AT,2008-09,3.7
BE,2008-09,5.5
DE,2008-09,3.0
ES,2008-09,4.6
FR,2008-09,3.4
IT,2008-09,3.9
NL,2008-09,2.8
PT,2008-09,3.2
AT,2008-10,3.0
BE,2008-10,4.8
DE,2008-10,2.6
ES,2008-10,3.6
FR,2008-10,3.0
IT,2008-10,3.6
NL,2008-10,2.5
PT,2008-10,2.5
AT,2008-11,2.3
BE,2008-11,3.2
DE,2008-11,1.4
ES,2008-11,2.4
FR,2008-11,1.9
IT,2008-11,2.8
NL,2008-11,1.9
PT,2008-11,1.4
AT,2008-12,1.5
BE,2008-12,2.7
DE,2008-12,1.1
ES,2008-12,1.4
FR,2008-12,1.2
IT,2008-12,2.4
NL,2008-12,1.7
PT,2008-12,0.8
AT,2009-01,1.2
BE,2009-01,2.1
DE,2009-01,1.0
ES,2009-01,0.8
FR,2009-01,0.8
IT,2009-01,1.4
NL,2009-01,1.7
PT,2009-01,0.1
AT,2009-02,1.3
BE,2009-02,1.9
DE,2009-02,1.1
ES,2009-02,0.7
FR,2009-02,1.0
IT,2009-02,1.6
NL,2009-02,1.9
PT,2009-02,0.1
AT,2009-03,0.6
BE,2009-03,0.6
DE,2009-03,0.3
ES,2009-03,-0.1
FR,2009-03,0.4
IT,2009-03,1.1
NL,2009-03,1.8
PT,2009-03,-0.6
AT,2009-04,0.5
BE,2009-04,0.7
DE,2009-04,0.7
ES,2009-04,-0.2
FR,2009-04,0.1
IT,2009-04,1.2
NL,2009-04,1.8
PT,2009-04,-0.5
AT,2009-05,0.1
BE,2009-05,-0.2
DE,2009-05,-0.1
ES,2009-05,-0.9
FR,2009-05,-0.3
IT,2009-05,0.8
NL,2009-05,1.5
PT,2009-05,-1.3
AT,2009-06,-0.3
BE,2009-06,-1.1
DE,2009-06,0.0
ES,2009-06,-1.0
FR,2009-06,-0.6
IT,2009-06,0.5
NL,2009-06,1.4
PT,2009-06,-1.6
AT,2009-07,-0.4
BE,2009-07,-1.7
DE,2009-07,-0.7
ES,2009-07,-1.3
FR,2009-07,-0.8
IT,2009-07,-0.1
NL,2009-07,-0.1
PT,2009-07,-1.5
AT,2009-08,0.2
BE,2009-08,-0.7
DE,2009-08,0.0
ES,2009-08,-0.7
FR,2009-08,-0.2
IT,2009-08,0.1
NL,2009-08,-0.1
PT,2009-08,-1.2
AT,2009-09,0.0
BE,2009-09,-1.0
DE,2009-09,-0.4
ES,2009-09,-0.9
FR,2009-09,-0.4
IT,2009-09,0.3
NL,2009-09,0.0
PT,2009-09,-1.8
AT,2009-10,0.1
BE,2009-10,-0.9
DE,2009-10,-0.1
ES,2009-10,-0.6
FR,2009-10,-0.2
IT,2009-10,0.3
NL,2009-10,0.4
PT,2009-10,-1.6
AT,2009-11,0.6
BE,2009-11,0.0
DE,2009-11,0.3
ES,2009-11,0.4
FR,2009-11,0.5
IT,2009-11,0.9
NL,2009-11,0.7
PT,2009-11,-0.8
AT,2009-12,1.1
BE,2009-12,0.3
DE,2009-12,0.9
ES,2009-12,0.9
FR,2009-12,1.0
IT,2009-12,1.1
NL,2009-12,0.7
PT,2009-12,-0.1
AT,2010-01,1.2
BE,2010-01,0.8
DE,2010-01,0.7
ES,2010-01,0.7
FR,2010-01,1.2
IT,2010-01,1.3
NL,2010-01,0.4
PT,2010-01,0.1
AT,2010-02,0.9
BE,2010-02,0.8
DE,2010-02,0.4
ES,2010-02,0.4
FR,2010-02,1.4
IT,2010-02,1.0
NL,2010-02,0.4
PT,2010-02,0.2
AT,2010-03,1.8
BE,2010-03,1.9
DE,2010-03,1.2
ES,2010-03,2.7
FR,2010-03,1.7
IT,2010-03,1.4
NL,2010-03,0.7
PT,2010-03,0.6
AT,2010-04,1.8
BE,2010-04,2.0
DE,2010-04,1.0
ES,2010-04,2.4
FR,2010-04,1.9
IT,2010-04,1.8
NL,2010-04,0.7
PT,2010-04,0.7
AT,2010-05,1.7
BE,2010-05,2.5
DE,2010-05,1.2
ES,2010-05,2.5
FR,2010-05,1.9
IT,2010-05,1.5
NL,2010-05,0.4
PT,2010-05,1.1
AT,2010-06,1.8
BE,2010-06,2.7
DE,2010-06,0.9
ES,2010-06,2.1
FR,2010-06,1.7
IT,2010-06,1.4
NL,2010-06,0.2
PT,2010-06,1.1
AT,2010-07,1.7
BE,2010-07,2.4
DE,2010-07,1.2
ES,2010-07,1.8
FR,2010-07,1.9
IT,2010-07,1.8
NL,2010-07,1.3
PT,2010-07,1.9
AT,2010-08,1.6
BE,2010-08,2.4
DE,2010-08,1.0
ES,2010-08,1.6
FR,2010-08,1.6
IT,2010-08,1.7
NL,2010-08,1.2
PT,2010-08,2.0
AT,2010-09,1.7
BE,2010-09,2.9
DE,2010-09,1.2
ES,2010-09,2.8
FR,2010-09,1.8
IT,2010-09,1.6
NL,2010-09,1.4
PT,2010-09,2.0
AT,2010-10,2.0
BE,2010-10,3.1
DE,2010-10,1.3
ES,2010-10,2.5
FR,2010-10,1.8
IT,2010-10,2.0
NL,2010-10,1.4
PT,2010-10,2.3
AT,2010-11,1.8
BE,2010-11,3.0
DE,2010-11,1.5
ES,2010-11,2.3
FR,2010-11,1.8
IT,2010-11,1.8
NL,2010-11,1.4
PT,2010-11,2.2
AT,2010-12,2.2
BE,2010-12,3.4
DE,2010-12,1.8
ES,2010-12,2.9
FR,2010-12,2.0
IT,2010-12,2.1
NL,2010-12,1.8
PT,2010-12,2.4
AT,2011-01,2.5
BE,2011-01,3.5
DE,2011-01,2.0
ES,2011-01,3.0
FR,2011-01,2.0
IT,2011-01,2.0
NL,2011-01,1.9
PT,2011-01,3.6
AT,2011-02,3.2
BE,2011-02,3.5
DE,2011-02,2.3
ES,2011-02,3.4
FR,2011-02,1.8
IT,2011-02,2.2
NL,2011-02,2.0
PT,2011-02,3.5
AT,2011-03,3.3
BE,2011-03,3.3
DE,2011-03,2.4
ES,2011-03,3.3
FR,2011-03,2.2
IT,2011-03,2.8
NL,2011-03,1.8
PT,2011-03,3.9
AT,2011-04,3.7
BE,2011-04,3.1
DE,2011-04,2.7
ES,2011-04,3.5
FR,2011-04,2.2
IT,2011-04,2.9
NL,2011-04,2.1
PT,2011-04,4.0
AT,2011-05,3.7
BE,2011-05,2.9
DE,2011-05,2.5
ES,2011-05,3.4
FR,2011-05,2.2
IT,2011-05,3.0
NL,2011-05,2.3
PT,2011-05,3.7
AT,2011-06,3.7
BE,2011-06,3.3
DE,2011-06,2.4
ES,2011-06,3.0
FR,2011-06,2.3
IT,2011-06,3.0
NL,2011-06,2.3
PT,2011-06,3.3
AT,2011-07,3.8
BE,2011-07,4.0
DE,2011-07,2.6
ES,2011-07,3.0
FR,2011-07,2.1
IT,2011-07,2.1
NL,2011-07,3.2
PT,2011-07,3.0
AT,2011-08,3.7
BE,2011-08,3.4
DE,2011-08,2.5
ES,2011-08,2.7
FR,2011-08,2.4
IT,2011-08,2.3
NL,2011-08,3.2
PT,2011-08,2.8
AT,2011-09,3.9
BE,2011-09,3.2
DE,2011-09,2.8
ES,2011-09,3.0
FR,2011-09,2.4
IT,2011-09,3.7
NL,2011-09,3.0
PT,2011-09,3.5
AT,2011-10,3.8
BE,2011-10,3.2
DE,2011-10,2.8
ES,2011-10,3.0
FR,2011-10,2.5
IT,2011-10,3.7
NL,2011-10,2.8
PT,2011-10,4.0
AT,2011-11,3.8
BE,2011-11,3.5
DE,2011-11,2.7
ES,2011-11,2.9
FR,2011-11,2.7
IT,2011-11,3.7
NL,2011-11,2.6
PT,2011-11,3.8
AT,2011-12,3.4
BE,2011-12,3.2
DE,2011-12,2.2
ES,2011-12,2.3
FR,2011-12,2.7
IT,2011-12,3.7
NL,2011-12,2.5
PT,2011-12,3.5
AT,2012-01,2.9
BE,2012-01,3.3
DE,2012-01,2.4
ES,2012-01,2.0
FR,2012-01,2.6
IT,2012-01,3.4
NL,2012-01,2.9
PT,2012-01,3.3
AT,2012-02,2.6
BE,2012-02,3.4
DE,2012-02,2.6
ES,2012-02,1.9
FR,2012-02,2.5
IT,2012-02,3.5
NL,2012-02,2.9
PT,2012-02,3.5
AT,2012-03,2.6
BE,2012-03,3.1
DE,2012-03,2.3
ES,2012-03,1.8
FR,2012-03,2.6
IT,2012-03,3.8
NL,2012-03,2.9
PT,2012-03,3.1
AT,2012-04,2.3
BE,2012-04,2.9
DE,2012-04,2.2
ES,2012-04,2.0
FR,2012-04,2.4
IT,2012-04,3.7
NL,2012-04,2.8
PT,2012-04,2.9
AT,2012-05,2.2
BE,2012-05,2.6
DE,2012-05,2.1
ES,2012-05,1.9
FR,2012-05,2.3
IT,2012-05,3.6
NL,2012-05,2.5
PT,2012-05,2.7
AT,2012-06,2.2
BE,2012-06,2.2
DE,2012-06,1.9
ES,2012-06,1.8
FR,2012-06,2.3
IT,2012-06,3.7
NL,2012-06,2.5
PT,2012-06,2.7
AT,2012-07,2.1
BE,2012-07,2.0
DE,2012-07,1.9
ES,2012-07,2.2
FR,2012-07,2.2
IT,2012-07,3.6
NL,2012-07,2.6
PT,2012-07,2.8
AT,2012-08,2.3
BE,2012-08,2.6
DE,2012-08,2.3
ES,2012-08,2.7
FR,2012-08,2.4
IT,2012-08,3.4
NL,2012-08,2.6
PT,2012-08,3.1
AT,2012-09,2.8
BE,2012-09,2.6
DE,2012-09,2.2
ES,2012-09,3.5
FR,2012-09,2.2
IT,2012-09,3.4
NL,2012-09,2.5
PT,2012-09,2.9
AT,2012-10,2.9
BE,2012-10,2.7
DE,2012-10,2.1
ES,2012-10,3.5
FR,2012-10,2.1
IT,2012-10,2.8
NL,2012-10,3.3
PT,2012-10,2.1
AT,2012-11,2.9
BE,2012-11,2.2
DE,2012-11,1.9
ES,2012-11,3.0
FR,2012-11,1.6
IT,2012-11,2.6
NL,2012-11,3.2
PT,2012-11,1.9
AT,2012-12,2.9
BE,2012-12,2.1
DE,2012-12,2.1
ES,2012-12,3.0
FR,2012-12,1.5
IT,2012-12,2.6
NL,2012-12,3.4
PT,2012-12,2.1
AT,2013-01,2.8
BE,2013-01,1.5
DE,2013-01,1.9
ES,2013-01,2.8
FR,2013-01,1.4
IT,2013-01,2.4
NL,2013-01,3.2
PT,2013-01,0.4
AT,2013-02,2.6
BE,2013-02,1.5
DE,2013-02,1.8
ES,2013-02,2.9
FR,2013-02,1.2
IT,2013-02,2.0
NL,2013-02,3.2
PT,2013-02,0.2
AT,2013-03,2.4
BE,2013-03,1.4
DE,2013-03,1.9
ES,2013-03,2.6
FR,2013-03,1.1
IT,2013-03,1.8
NL,2013-03,3.2
PT,2013-03,0.7
AT,2013-04,2.1
BE,2013-04,1.2
DE,2013-04,1.1
ES,2013-04,1.5
FR,2013-04,0.8
IT,2013-04,1.2
NL,2013-04,2.8
PT,2013-04,0.4
AT,2013-05,2.4
BE,2013-05,1.2
DE,2013-05,1.5
ES,2013-05,1.8
FR,2013-05,0.9
IT,2013-05,1.2
NL,2013-05,3.1
PT,2013-05,0.9
AT,2013-06,2.2
BE,2013-06,1.6
DE,2013-06,2.0
ES,2013-06,2.2
FR,2013-06,1.0
IT,2013-06,1.2
NL,2013-06,3.2
PT,2013-06,1.2
AT,2013-07,2.1
BE,2013-07,1.6
DE,2013-07,2.0
ES,2013-07,1.9
FR,2013-07,1.2
IT,2013-07,1.2
NL,2013-07,3.1
PT,2013-07,0.8
AT,2013-08,2.0
BE,2013-08,1.1
DE,2013-08,1.5
ES,2013-08,1.6
FR,2013-08,1.0
IT,2013-08,1.1
NL,2013-08,2.8
PT,2013-08,0.2
AT,2013-09,1.8
BE,2013-09,1.0
DE,2013-09,1.5
ES,2013-09,0.5
FR,2013-09,1.0
IT,2013-09,0.9
NL,2013-09,2.4
PT,2013-09,0.3
AT,2013-10,1.5
BE,2013-10,0.7
DE,2013-10,1.2
ES,2013-10,0.0
FR,2013-10,0.7
IT,2013-10,0.7
NL,2013-10,1.3
PT,2013-10,0.0
AT,2013-11,1.5
BE,2013-11,0.9
DE,2013-11,1.6
ES,2013-11,0.3
FR,2013-11,0.8
IT,2013-11,0.6
NL,2013-11,1.2
PT,2013-11,0.1
AT,2013-12,2.0
BE,2013-12,1.2
DE,2013-12,1.2
ES,2013-12,0.3
FR,2013-12,0.8
IT,2013-12,0.6
NL,2013-12,1.4
PT,2013-12,0.2
AT,2014-01,1.5
BE,2014-01,1.1
DE,2014-01,1.1
ES,2014-01,0.3
FR,2014-01,0.8
IT,2014-01,0.6
NL,2014-01,0.8
PT,2014-01,0.1
AT,2014-02,1.5
BE,2014-02,0.8
DE,2014-02,1.0
ES,2014-02,0.1
FR,2014-02,1.1
IT,2014-02,0.4
NL,2014-02,0.4
PT,2014-02,-0.1
AT,2014-03,1.5
BE,2014-03,0.8
DE,2014-03,0.7
ES,2014-03,-0.2
FR,2014-03,0.8
IT,2014-03,0.3
NL,2014-03,0.1
PT,2014-03,-0.4
AT,2014-04,1.6
BE,2014-04,0.8
DE,2014-04,1.1
ES,2014-04,0.3
FR,2014-04,0.8
IT,2014-04,0.5
NL,2014-04,0.6
PT,2014-04,-0.1
AT,2014-05,1.5
BE,2014-05,0.7
DE,2014-05,0.7
ES,2014-05,0.2
FR,2014-05,0.8
IT,2014-05,0.4
NL,2014-05,0.1
PT,2014-05,-0.3
AT,2014-06,1.7
BE,2014-06,0.6
DE,2014-06,0.9
ES,2014-06,0.0
FR,2014-06,0.6
IT,2014-06,0.3
NL,2014-06,0.3
PT,2014-06,-0.2
AT,2014-07,1.7
BE,2014-07,0.5
DE,2014-07,0.7
ES,2014-07,-0.4
FR,2014-07,0.6
IT,2014-07,0.0
NL,2014-07,0.3
PT,2014-07,-0.7
AT,2014-08,1.5
BE,2014-08,0.4
DE,2014-08,0.8
ES,2014-08,-0.5
FR,2014-08,0.5
IT,2014-08,-0.1
NL,2014-08,0.4
PT,2014-08,-0.1
AT,2014-09,1.4
BE,2014-09,0.2
DE,2014-09,0.8
ES,2014-09,-0.3
FR,2014-09,0.4
IT,2014-09,-0.1
NL,2014-09,0.3
PT,2014-09,0.0
AT,2014-10,1.4
BE,2014-10,0.3
DE,2014-10,0.7
ES,2014-10,-0.2
FR,2014-10,0.5
IT,2014-10,0.2
NL,2014-10,0.4
PT,2014-10,0.1
AT,2014-11,1.5
BE,2014-11,0.1
DE,2014-11,0.5
ES,2014-11,-0.5
FR,2014-11,0.4
IT,2014-11,0.3
NL,2014-11,0.3
PT,2014-11,0.1
AT,2014-12,0.8
BE,2014-12,-0.4
DE,2014-12,0.1
ES,2014-12,-1.1
FR,2014-12,0.1
IT,2014-12,0.0
NL,2014-12,-0.1
PT,2014-12,-0.3
AT,2015-01,0.5
BE,2015-01,-0.6
DE,2015-01,-0.5
ES,2015-01,-1.5
FR,2015-01,-0.4
IT,2015-01,-0.5
NL,2015-01,-0.7
PT,2015-01,-0.4
AT,2015-02,0.5
BE,2015-02,-0.4
DE,2015-02,-0.2
ES,2015-02,-1.2
FR,2015-02,-0.3
IT,2015-02,0.1
NL,2015-02,-0.5
PT,2015-02,-0.1
AT,2015-03,0.9
BE,2015-03,-0.1
DE,2015-03,0.3
ES,2015-03,-0.8
FR,2015-03,0.0
IT,2015-03,0.0
NL,2015-03,-0.3
PT,2015-03,0.4
AT,2015-04,0.9
BE,2015-04,0.4
DE,2015-04,1.0
ES,2015-04,-0.7
FR,2015-04,0.1
IT,2015-04,-0.1
NL,2015-04,0.0
PT,2015-04,0.5
AT,2015-05,1.0
BE,2015-05,0.8
DE,2015-05,1.6
ES,2015-05,-0.3
FR,2015-05,0.3
IT,2015-05,0.2
NL,2015-05,0.7
PT,2015-05,1.0
AT,2015-06,1.0
BE,2015-06,0.9
DE,2015-06,1.1
ES,2015-06,0.0
FR,2015-06,0.3
IT,2015-06,0.2
NL,2015-06,0.5
PT,2015-06,0.8
AT,2015-07,1.1
BE,2015-07,0.9
DE,2015-07,1.3
ES,2015-07,0.0
FR,2015-07,0.2
IT,2015-07,0.4
NL,2015-07,0.8
PT,2015-07,0.7
AT,2015-08,1.0
BE,2015-08,0.8
DE,2015-08,1.1
ES,2015-08,-0.5
FR,2015-08,0.1
IT,2015-08,0.3
NL,2015-08,0.4
PT,2015-08,0.7
AT,2015-09,0.6
BE,2015-09,0.9
DE,2015-09,0.8
ES,2015-09,-1.1
FR,2015-09,0.1
IT,2015-09,0.2
NL,2015-09,0.3
PT,2015-09,0.9
AT,2015-10,0.7
BE,2015-10,1.2
DE,2015-10,1.2
ES,2015-10,-0.9
FR,2015-10,0.2
IT,2015-10,0.3
NL,2015-10,0.4
PT,2015-10,0.7
AT,2015-11,0.5
BE,2015-11,1.4
DE,2015-11,0.2
ES,2015-11,-0.4
FR,2015-11,0.1
IT,2015-11,0.1
NL,2015-11,0.4
PT,2015-11,0.6
AT,2015-12,1.1
BE,2015-12,1.5
DE,2015-12,0.2
ES,2015-12,-0.1
FR,2015-12,0.3
IT,2015-12,0.1
NL,2015-12,0.5
PT,2015-12,0.3
AT,2016-01,1.4
BE,2016-01,1.8
DE,2016-01,0.4
ES,2016-01,-0.4
FR,2016-01,0.3
IT,2016-01,0.4
NL,2016-01,0.2
PT,2016-01,0.7
AT,2016-02,1.0
BE,2016-02,1.1
DE,2016-02,-0.1
ES,2016-02,-1.0
FR,2016-02,-0.1
IT,2016-02,-0.2
NL,2016-02,0.3
PT,2016-02,0.2
AT,2016-03,0.7
BE,2016-03,1.6
DE,2016-03,0.1
ES,2016-03,-1.0
FR,2016-03,-0.1
IT,2016-03,-0.2
NL,2016-03,0.5
PT,2016-03,0.5
AT,2016-04,0.6
BE,2016-04,1.5
DE,2016-04,-0.3
ES,2016-04,-1.2
FR,2016-04,-0.1
IT,2016-04,-0.4
NL,2016-04,-0.2
PT,2016-04,0.5
AT,2016-05,0.6
BE,2016-05,1.6
DE,2016-05,-0.1
ES,2016-05,-1.1
FR,2016-05,0.1
IT,2016-05,-0.3
NL,2016-05,-0.2
PT,2016-05,0.4
AT,2016-06,0.6
BE,2016-06,1.8
DE,2016-06,0.1
ES,2016-06,-0.9
FR,2016-06,0.3
IT,2016-06,-0.2
NL,2016-06,-0.2
PT,2016-06,0.7
AT,2016-07,0.6
BE,2016-07,2.0
DE,2016-07,0.3
ES,2016-07,-0.7
FR,2016-07,0.4
IT,2016-07,-0.2
NL,2016-07,-0.6
PT,2016-07,0.7
AT,2016-08,0.6
BE,2016-08,2.0
DE,2016-08,0.3
ES,2016-08,-0.3
FR,2016-08,0.4
IT,2016-08,-0.1
NL,2016-08,0.1
PT,2016-08,0.8
AT,2016-09,1.1
BE,2016-09,1.8
DE,2016-09,0.6
ES,2016-09,0.0
FR,2016-09,0.5
IT,2016-09,0.1
NL,2016-09,-0.1
PT,2016-09,0.7
AT,2016-10,1.4
BE,2016-10,1.9
DE,2016-10,0.7
ES,2016-10,0.5
FR,2016-10,0.5
IT,2016-10,-0.1
NL,2016-10,0.3
PT,2016-10,1.1
AT,2016-11,1.5
BE,2016-11,1.7
DE,2016-11,0.8
ES,2016-11,0.5
FR,2016-11,0.7
IT,2016-11,0.1
NL,2016-11,0.4
PT,2016-11,0.5
AT,2016-12,1.6
BE,2016-12,2.2
DE,2016-12,1.6
ES,2016-12,1.4
FR,2016-12,0.8
IT,2016-12,0.5
NL,2016-12,0.7
PT,2016-12,0.9
AT,2017-01,2.1
BE,2017-01,3.1
DE,2017-01,1.7
ES,2017-01,2.9
FR,2017-01,1.6
IT,2017-01,1.0
NL,2017-01,1.6
PT,2017-01,1.3
AT,2017-02,2.4
BE,2017-02,3.3
DE,2017-02,2.1
ES,2017-02,3.0
FR,2017-02,1.4
IT,2017-02,1.6
NL,2017-02,1.7
PT,2017-02,1.6
AT,2017-03,2.1
BE,2017-03,2.5
DE,2017-03,1.5
ES,2017-03,2.1
FR,2017-03,1.4
IT,2017-03,1.4
NL,2017-03,0.6
PT,2017-03,1.4
AT,2017-04,2.3
BE,2017-04,2.7
DE,2017-04,2.0
ES,2017-04,2.6
FR,2017-04,1.4
IT,2017-04,2.0
NL,2017-04,1.4
PT,2017-04,2.4
AT,2017-05,2.1
BE,2017-05,1.9
DE,2017-05,1.3
ES,2017-05,2.0
FR,2017-05,0.9
IT,2017-05,1.6
NL,2017-05,0.7
PT,2017-05,1.7
AT,2017-06,2.0
BE,2017-06,1.5
DE,2017-06,1.7
ES,2017-06,1.6
FR,2017-06,0.8
IT,2017-06,1.2
NL,2017-06,1.0
PT,2017-06,1.0
AT,2017-07,2.0
BE,2017-07,1.8
DE,2017-07,1.7
ES,2017-07,1.7
FR,2017-07,0.8
IT,2017-07,1.2
NL,2017-07,1.5
PT,2017-07,1.0
AT,2017-08,2.1
BE,2017-08,2.0
DE,2017-08,1.9
ES,2017-08,2.0
FR,2017-08,1.0
IT,2017-08,1.4
NL,2017-08,1.5
PT,2017-08,1.3
AT,2017-09,2.5
BE,2017-09,2.0
DE,2017-09,1.9
ES,2017-09,1.8
FR,2017-09,1.1
IT,2017-09,1.3
NL,2017-09,1.4
PT,2017-09,1.6
AT,2017-10,2.4
BE,2017-10,1.8
DE,2017-10,1.5
ES,2017-10,1.7
FR,2017-10,1.2
IT,2017-10,1.1
NL,2017-10,1.3
PT,2017-10,1.9
AT,2017-11,2.4
BE,2017-11,2.1
DE,2017-11,1.7
ES,2017-11,1.8
FR,2017-11,1.2
IT,2017-11,1.1
NL,2017-11,1.5
PT,2017-11,1.8
AT,2017-12,2.3
BE,2017-12,2.1
DE,2017-12,1.5
ES,2017-12,1.2
FR,2017-12,1.2
IT,2017-12,1.0
NL,2017-12,1.2
PT,2017-12,1.6
AT,2018-01,1.9
BE,2018-01,1.8
DE,2018-01,1.5
ES,2018-01,0.7
FR,2018-01,1.5
IT,2018-01,1.2
NL,2018-01,1.5
PT,2018-01,1.1
AT,2018-02,1.9
BE,2018-02,1.5
DE,2018-02,1.2
ES,2018-02,1.2
FR,2018-02,1.3
IT,2018-02,0.5
NL,2018-02,1.3
PT,2018-02,0.7
AT,2018-03,2.0
BE,2018-03,1.5
DE,2018-03,1.7
ES,2018-03,1.3
FR,2018-03,1.7
IT,2018-03,0.9
NL,2018-03,1.0
PT,2018-03,0.8
AT,2018-04,2.0
BE,2018-04,1.6
DE,2018-04,1.3
ES,2018-04,1.1
FR,2018-04,1.8
IT,2018-04,0.6
NL,2018-04,1.0
PT,2018-04,0.3
AT,2018-05,2.1
BE,2018-05,2.3
DE,2018-05,2.5
ES,2018-05,2.1
FR,2018-05,2.3
IT,2018-05,1.0
NL,2018-05,1.9
PT,2018-05,1.4
AT,2018-06,2.3
BE,2018-06,2.6
DE,2018-06,2.1
ES,2018-06,2.3
FR,2018-06,2.3
IT,2018-06,1.4
NL,2018-06,1.7
PT,2018-06,2.0
AT,2018-07,2.3
BE,2018-07,2.7
DE,2018-07,2.2
ES,2018-07,2.3
FR,2018-07,2.6
IT,2018-07,1.9
NL,2018-07,1.9
PT,2018-07,2.2
AT,2018-08,2.3
BE,2018-08,2.6
DE,2018-08,2.1
ES,2018-08,2.2
FR,2018-08,2.6
IT,2018-08,1.6
NL,2018-08,1.9
PT,2018-08,1.3
AT,2018-09,2.1
BE,2018-09,2.8
DE,2018-09,2.2
ES,2018-09,2.3
FR,2018-09,2.5
IT,2018-09,1.5
NL,2018-09,1.6
PT,2018-09,1.8
AT,2018-10,2.4
BE,2018-10,3.2
DE,2018-10,2.6
ES,2018-10,2.3
FR,2018-10,2.5
IT,2018-10,1.7
NL,2018-10,1.9
PT,2018-10,0.8
AT,2018-11,2.3
BE,2018-11,2.9
DE,2018-11,2.2
ES,2018-11,1.7
FR,2018-11,2.2
IT,2018-11,1.6
NL,2018-11,1.8
PT,2018-11,0.9
AT,2018-12,1.7
BE,2018-12,2.2
DE,2018-12,1.7
ES,2018-12,1.2
FR,2018-12,1.9
IT,2018-12,1.2
NL,2018-12,1.8
PT,2018-12,0.6
AT,2019-01,1.7
BE,2019-01,1.8
DE,2019-01,1.7
ES,2019-01,1.0
FR,2019-01,1.4
IT,2019-01,0.9
NL,2019-01,2.0
PT,2019-01,0.6
AT,2019-02,1.4
BE,2019-02,2.0
DE,2019-02,1.7
ES,2019-02,1.1
FR,2019-02,1.6
IT,2019-02,1.1
NL,2019-02,2.6
PT,2019-02,0.9
AT,2019-03,1.7
BE,2019-03,2.2
DE,2019-03,1.4
ES,2019-03,1.3
FR,2019-03,1.3
IT,2019-03,1.1
NL,2019-03,2.9
PT,2019-03,0.8
AT,2019-04,1.7
BE,2019-04,2.0
DE,2019-04,2.1
ES,2019-04,1.6
FR,2019-04,1.5
IT,2019-04,1.1
NL,2019-04,3.0
PT,2019-04,0.9
AT,2019-05,1.7
BE,2019-05,1.7
DE,2019-05,1.3
ES,2019-05,0.9
FR,2019-05,1.1
IT,2019-05,0.9
NL,2019-05,2.3
PT,2019-05,0.3
AT,2019-06,1.6
BE,2019-06,1.3
DE,2019-06,1.5
ES,2019-06,0.6
FR,2019-06,1.4
IT,2019-06,0.8
NL,2019-06,2.7
PT,2019-06,0.7
AT,2019-07,1.4
BE,2019-07,1.2
DE,2019-07,1.1
ES,2019-07,0.6
FR,2019-07,1.3
IT,2019-07,0.3
NL,2019-07,2.6
PT,2019-07,-0.7
AT,2019-08,1.5
BE,2019-08,0.9
DE,2019-08,1.0
ES,2019-08,0.4
FR,2019-08,1.3
IT,2019-08,0.5
NL,2019-08,3.1
PT,2019-08,-0.1
AT,2019-09,1.2
BE,2019-09,0.6
DE,2019-09,0.9
ES,2019-09,0.2
FR,2019-09,1.1
IT,2019-09,0.2
NL,2019-09,2.7
PT,2019-09,-0.3
AT,2019-10,1.0
BE,2019-10,0.2
DE,2019-10,0.9
ES,2019-10,0.2
FR,2019-10,0.9
IT,2019-10,0.2
NL,2019-10,2.8
PT,2019-10,-0.1
AT,2019-11,1.2
BE,2019-11,0.4
DE,2019-11,1.2
ES,2019-11,0.5
FR,2019-11,1.2
IT,2019-11,0.2
NL,2019-11,2.6
PT,2019-11,0.2
AT,2019-12,1.8
BE,2019-12,0.9
DE,2019-12,1.5
ES,2019-12,0.8
FR,2019-12,1.6
IT,2019-12,0.5
NL,2019-12,2.8
PT,2019-12,0.4
AT,2020-01,2.2
BE,2020-01,1.4
DE,2020-01,1.6
ES,2020-01,1.1
FR,2020-01,1.7
IT,2020-01,0.4
NL,2020-01,1.7
PT,2020-01,0.8
AT,2020-02,2.2
BE,2020-02,1.0
DE,2020-02,1.7
ES,2020-02,0.9
FR,2020-02,1.6
IT,2020-02,0.2
NL,2020-02,1.3
PT,2020-02,0.5
AT,2020-03,1.6
BE,2020-03,0.4
DE,2020-03,1.3
ES,2020-03,0.1
FR,2020-03,0.8
IT,2020-03,0.1
NL,2020-03,1.1
PT,2020-03,0.1
AT,2020-04,1.5
BE,2020-04,0.0
DE,2020-04,0.8
ES,2020-04,-0.7
FR,2020-04,0.4
IT,2020-04,0.1
NL,2020-04,1.0
PT,2020-04,-0.1
AT,2020-05,0.6
BE,2020-05,-0.2
DE,2020-05,0.5
ES,2020-05,-0.9
FR,2020-05,0.4
IT,2020-05,-0.3
NL,2020-05,1.1
PT,2020-05,-0.6
AT,2020-06,1.1
BE,2020-06,0.2
DE,2020-06,0.8
ES,2020-06,-0.3
FR,2020-06,0.2
IT,2020-06,-0.4
NL,2020-06,1.7
PT,2020-06,0.2
AT,2020-07,1.8
BE,2020-07,1.7
DE,2020-07,0.0
ES,2020-07,-0.7
FR,2020-07,0.9
IT,2020-07,0.8
NL,2020-07,1.6
PT,2020-07,-0.1
AT,2020-08,1.4
BE,2020-08,-0.9
DE,2020-08,-0.1
ES,2020-08,-0.6
FR,2020-08,0.2
IT,2020-08,-0.5
NL,2020-08,0.3
PT,2020-08,-0.2
AT,2020-09,1.2
BE,2020-09,0.5
DE,2020-09,-0.4
ES,2020-09,-0.6
FR,2020-09,0.0
IT,2020-09,-1.0
NL,2020-09,1.0
PT,2020-09,-0.8
AT,2020-10,1.1
BE,2020-10,0.4
DE,2020-10,-0.5
ES,2020-10,-0.9
FR,2020-10,0.1
IT,2020-10,-0.6
NL,2020-10,1.2
PT,2020-10,-0.6
AT,2020-11,1.1
BE,2020-11,0.2
DE,2020-11,-0.7
ES,2020-11,-0.8
FR,2020-11,0.2
IT,2020-11,-0.3
NL,2020-11,0.7
PT,2020-11,-0.4
AT,2020-12,1.0
BE,2020-12,0.4
DE,2020-12,-0.7
ES,2020-12,-0.6
FR,2020-12,0.0
IT,2020-12,-0.3
NL,2020-12,0.9
PT,2020-12,-0.3
AT,2021-01,1.1
BE,2021-01,0.6
DE,2021-01,1.6
ES,2021-01,0.4
FR,2021-01,0.8
IT,2021-01,0.7
NL,2021-01,1.6
PT,2021-01,0.2
AT,2021-02,1.4
BE,2021-02,0.3
DE,2021-02,1.6
ES,2021-02,-0.1
FR,2021-02,0.8
IT,2021-02,1.0
NL,2021-02,1.9
PT,2021-02,0.3
AT,2021-03,2.0
BE,2021-03,1.6
DE,2021-03,2.0
ES,2021-03,1.2
FR,2021-03,1.4
IT,2021-03,0.6
NL,2021-03,1.9
PT,2021-03,0.1
AT,2021-04,1.9
BE,2021-04,2.1
DE,2021-04,2.1
ES,2021-04,2.0
FR,2021-04,1.6
IT,2021-04,1.0
NL,2021-04,1.7
PT,2021-04,-0.1
AT,2021-05,3.0
BE,2021-05,2.5
DE,2021-05,2.4
ES,2021-05,2.4
FR,2021-05,1.8
IT,2021-05,1.2
NL,2021-05,2.0
PT,2021-05,0.5
AT,2021-06,2.8
BE,2021-06,2.6
DE,2021-06,2.1
ES,2021-06,2.5
FR,2021-06,1.9
IT,2021-06,1.3
NL,2021-06,1.7
PT,2021-06,-0.6
AT,2021-07,2.8
BE,2021-07,1.4
DE,2021-07,3.1
ES,2021-07,2.9
FR,2021-07,1.5
IT,2021-07,1.0
NL,2021-07,1.4
PT,2021-07,1.1
AT,2021-08,3.2
BE,2021-08,4.7
DE,2021-08,3.4
ES,2021-08,3.3
FR,2021-08,2.4
IT,2021-08,2.5
NL,2021-08,2.7
PT,2021-08,1.3
AT,2021-09,3.3
BE,2021-09,3.8
DE,2021-09,4.1
ES,2021-09,4.0
FR,2021-09,2.7
IT,2021-09,2.9
NL,2021-09,3.0
PT,2021-09,1.3
AT,2021-10,3.8
BE,2021-10,5.4
DE,2021-10,4.6
ES,2021-10,5.4
FR,2021-10,3.2
IT,2021-10,3.2
NL,2021-10,3.7
PT,2021-10,1.8
AT,2021-11,4.1
BE,2021-11,7.1
DE,2021-11,6.0
ES,2021-11,5.5
FR,2021-11,3.4
IT,2021-11,3.9
NL,2021-11,5.9
PT,2021-11,2.6
AT,2021-12,3.8
BE,2021-12,6.6
DE,2021-12,5.7
ES,2021-12,6.6
FR,2021-12,3.4
IT,2021-12,4.2
NL,2021-12,6.4
PT,2021-12,2.8
AT,2022-01,4.5
BE,2022-01,8.5
DE,2022-01,5.1
ES,2022-01,6.2
FR,2022-01,3.3
IT,2022-01,5.1
NL,2022-01,7.6
PT,2022-01,3.4
AT,2022-02,5.5
BE,2022-02,9.5
DE,2022-02,5.5
ES,2022-02,7.6
FR,2022-02,4.2
IT,2022-02,6.2
NL,2022-02,7.3
PT,2022-02,4.4
AT,2022-03,6.6
BE,2022-03,9.3
DE,2022-03,7.6
ES,2022-03,9.8
FR,2022-03,5.1
IT,2022-03,6.8
NL,2022-03,11.7
PT,2022-03,5.5
AT,2022-04,7.1
BE,2022-04,9.3
DE,2022-04,7.8
ES,2022-04,8.3
FR,2022-04,5.4
IT,2022-04,6.3
NL,2022-04,11.2
PT,2022-04,7.4
AT,2022-05,7.7
BE,2022-05,9.9
DE,2022-05,8.7
ES,2022-05,8.5
FR,2022-05,5.8
IT,2022-05,7.3
NL,2022-05,10.2
PT,2022-05,8.1
AT,2022-06,8.7
BE,2022-06,10.5
DE,2022-06,8.2
ES,2022-06,10.0
FR,2022-06,6.5
IT,2022-06,8.5
NL,2022-06,9.9
PT,2022-06,9.0
AT,2022-07,9.4
BE,2022-07,10.4
DE,2022-07,8.5
ES,2022-07,10.7
FR,2022-07,6.8
IT,2022-07,8.4
NL,2022-07,11.6
PT,2022-07,9.4
AT,2022-08,9.3
BE,2022-08,10.5
DE,2022-08,8.8
ES,2022-08,10.5
FR,2022-08,6.6
IT,2022-08,9.1
NL,2022-08,13.7
PT,2022-08,9.3
AT,2022-09,11.0
BE,2022-09,12.1
DE,2022-09,10.9
ES,2022-09,9.0
FR,2022-09,6.2
IT,2022-09,9.4
NL,2022-09,17.1
PT,2022-09,9.8
AT,2022-10,11.6
BE,2022-10,13.1
DE,2022-10,11.6
ES,2022-10,7.3
FR,2022-10,7.1
IT,2022-10,12.6
NL,2022-10,16.8
PT,2022-10,10.6
AT,2022-11,11.2
BE,2022-11,10.5
DE,2022-11,11.3
ES,2022-11,6.7
FR,2022-11,7.1
IT,2022-11,12.6
NL,2022-11,11.3
PT,2022-11,10.2
AT,2022-12,10.5
BE,2022-12,10.2
DE,2022-12,9.6
ES,2022-12,5.5
FR,2022-12,6.7
IT,2022-12,12.3
NL,2022-12,11.0
PT,2022-12,9.8
AT,2023-01,11.6
BE,2023-01,7.4
DE,2023-01,9.2
ES,2023-01,5.9
FR,2023-01,7.0
IT,2023-01,10.7
NL,2023-01,8.4
PT,2023-01,8.6
AT,2023-02,11.0
BE,2023-02,5.4
DE,2023-02,9.3
ES,2023-02,6.0
FR,2023-02,7.3
IT,2023-02,9.8
NL,2023-02,8.9
PT,2023-02,8.6
AT,2023-03,9.2
BE,2023-03,4.9
DE,2023-03,7.8
ES,2023-03,3.1
FR,2023-03,6.7
IT,2023-03,8.1
NL,2023-03,4.5
PT,2023-03,8.0
AT,2023-04,9.4
BE,2023-04,3.3
DE,2023-04,7.6
ES,2023-04,3.8
FR,2023-04,6.9
IT,2023-04,8.6
NL,2023-04,5.8
PT,2023-04,6.9
AT,2023-05,8.7
BE,2023-05,2.7
DE,2023-05,6.3
ES,2023-05,2.9
FR,2023-05,6.0
IT,2023-05,8.0
NL,2023-05,6.8
PT,2023-05,5.4
AT,2023-06,7.8
BE,2023-06,1.6
DE,2023-06,6.8
ES,2023-06,1.6
FR,2023-06,5.3
IT,2023-06,6.7
NL,2023-06,6.4
PT,2023-06,4.7
AT,2023-07,7.0
BE,2023-07,1.7
DE,2023-07,6.5
ES,2023-07,2.1
FR,2023-07,5.1
IT,2023-07,6.3
NL,2023-07,5.3
PT,2023-07,4.3
AT,2023-08,7.5
BE,2023-08,2.4
DE,2023-08,6.4
ES,2023-08,2.4
FR,2023-08,5.7
IT,2023-08,5.5
NL,2023-08,3.4
PT,2023-08,5.3
AT,2023-09,5.8
BE,2023-09,0.7
DE,2023-09,4.3
ES,2023-09,3.3
FR,2023-09,5.7
IT,2023-09,5.6
NL,2023-09,-0.3
PT,2023-09,4.8
AT,2023-10,4.9
BE,2023-10,-1.7
DE,2023-10,3.0
ES,2023-10,3.5
FR,2023-10,4.5
IT,2023-10,1.8
NL,2023-10,-1.0
PT,2023-10,3.2
AT,2023-11,4.9
BE,2023-11,-0.8
DE,2023-11,2.3
ES,2023-11,3.3
FR,2023-11,3.9
IT,2023-11,0.6
NL,2023-11,1.4
PT,2023-11,2.2
AT,2023-12,5.7
BE,2023-12,0.5
DE,2023-12,3.8
ES,2023-12,3.3
FR,2023-12,4.1
IT,2023-12,0.5
NL,2023-12,1.0
PT,2023-12,1.9
AT,2024-01,4.3
BE,2024-01,1.5
DE,2024-01,3.1
ES,2024-01,3.5
FR,2024-01,3.4
IT,2024-01,0.9
NL,2024-01,3.1
PT,2024-01,2.5
AT,2024-02,4.0
BE,2024-02,3.6
DE,2024-02,2.7
ES,2024-02,2.9
FR,2024-02,3.2
IT,2024-02,0.8
NL,2024-02,2.7
PT,2024-02,2.3
AT,2024-03,4.1
BE,2024-03,3.8
DE,2024-03,2.3
ES,2024-03,3.3
FR,2024-03,2.4
IT,2024-03,1.2
NL,2024-03,3.1
PT,2024-03,2.6
AT,2024-04,3.4
BE,2024-04,4.9
DE,2024-04,2.4
ES,2024-04,3.4
FR,2024-04,2.4
IT,2024-04,0.9
NL,2024-04,2.6
PT,2024-04,2.3
AT,2024-05,3.3
BE,2024-05,4.9
DE,2024-05,2.8
ES,2024-05,3.8
FR,2024-05,2.6
IT,2024-05,0.8
NL,2024-05,2.7
PT,2024-05,3.8
AT,2024-06,3.1
BE,2024-06,5.4
DE,2024-06,2.5
ES,2024-06,3.6
FR,2024-06,2.5
IT,2024-06,0.9
NL,2024-06,3.4
PT,2024-06,3.1
AT,2024-07,2.9
BE,2024-07,5.4
DE,2024-07,2.6
ES,2024-07,2.9
FR,2024-07,2.7
IT,2024-07,1.6
NL,2024-07,3.5
PT,2024-07,2.7
AT,2024-08,2.4
BE,2024-08,4.3
DE,2024-08,2.0
ES,2024-08,2.4
FR,2024-08,2.2
IT,2024-08,1.2
NL,2024-08,3.3
PT,2024-08,1.8
AT,2024-09,1.8
BE,2024-09,4.3
DE,2024-09,1.8
ES,2024-09,1.7
FR,2024-09,1.4
IT,2024-09,0.7
NL,2024-09,3.3
PT,2024-09,2.6
AT,2024-10,1.8
BE,2024-10,4.5
DE,2024-10,2.4
ES,2024-10,1.8
FR,2024-10,1.6
IT,2024-10,1.0
NL,2024-10,3.3
PT,2024-10,2.6
AT,2024-11,1.9
BE,2024-11,4.8
DE,2024-11,2.4
ES,2024-11,2.4
FR,2024-11,1.7
IT,2024-11,1.5
NL,2024-11,3.8
PT,2024-11,2.7
AT,2024-12,2.1
BE,2024-12,4.4
DE,2024-12,2.8
ES,2024-12,2.8
FR,2024-12,1.8
IT,2024-12,1.4
NL,2024-12,3.9
PT,2024-12,3.1
AT,2025-01,3.4
BE,2025-01,4.4
DE,2025-01,2.8
ES,2025-01,2.9
FR,2025-01,1.8
IT,2025-01,1.7
NL,2025-01,3.0
PT,2025-01,2.7
AT,2025-02,3.4
BE,2025-02,4.4
DE,2025-02,2.6
ES,2025-02,2.9
FR,2025-02,0.9
IT,2025-02,1.7
NL,2025-02,3.5
PT,2025-02,2.5
AT,2025-03,3.1
BE,2025-03,3.6
DE,2025-03,2.3
ES,2025-03,2.2
FR,2025-03,0.9
IT,2025-03,2.1
NL,2025-03,3.4
PT,2025-03,1.9
AT,2025-04,3.3
BE,2025-04,3.1
DE,2025-04,2.2
ES,2025-04,2.2
FR,2025-04,0.9
IT,2025-04,2.0
NL,2025-04,4.1
PT,2025-04,2.1
AT,2025-05,3.0
BE,2025-05,2.8
DE,2025-05,2.1
ES,2025-05,2.0
FR,2025-05,0.6
IT,2025-05,1.7
NL,2025-05,2.9
PT,2025-05,1.7
AT,2025-06,3.2
BE,2025-06,2.9
DE,2025-06,2.0
ES,2025-06,2.3
FR,2025-06,0.9
IT,2025-06,1.8
NL,2025-06,2.7
PT,2025-06,2.1
AT,2025-07,3.7
BE,2025-07,2.6
DE,2025-07,1.8
ES,2025-07,2.7
FR,2025-07,0.9
IT,2025-07,1.7
NL,2025-07,2.5
PT,2025-07,2.5
AT,2025-08,4.1
BE,2025-08,2.6
DE,2025-08,2.1
ES,2025-08,2.7
FR,2025-08,0.8
IT,2025-08,1.6
NL,2025-08,2.4
PT,2025-08,2.5
AT,2025-09,3.9
BE,2025-09,2.7
DE,2025-09,2.4
ES,2025-09,3.0
FR,2025-09,1.1
IT,2025-09,1.8
NL,2025-09,3.0
PT,2025-09,1.9
AT,2025-10,4.0
BE,2025-10,2.5
DE,2025-10,2.3
ES,2025-10,3.2
FR,2025-10,0.8
IT,2025-10,1.3
NL,2025-10,3.0
PT,2025-10,2.0
AT,2025-11,4.0
BE,2025-11,2.6
DE,2025-11,2.6
ES,2025-11,3.2
FR,2025-11,0.8
IT,2025-11,1.1
NL,2025-11,2.6
PT,2025-11,2.1
AT,2025-12,3.8
BE,2025-12,2.2
DE,2025-12,2.0
ES,2025-12,3.0
FR,2025-12,0.7
IT,2025-12,1.2
NL,2025-12,2.7
PT,2025-12,2.4
